{"accuracy": 0.9995611109160493, "precision": 0.9620253164556962, "recall": 0.7755102040816326}